"filename", "language", "JavaScript", "JavaScript JSX", "HTML", "PostCSS", "JSON", "Markdown", "Dotenv", "XML", "comment", "blank", "total"
"c:\Users\Nihan P\Desktop\on process\skill-swap_final_reupload\backend\.env", "Dotenv", 0, 0, 0, 0, 0, 0, 6, 0, 0, 0, 6
"c:\Users\Nihan P\Desktop\on process\skill-swap_final_reupload\backend\chat.js", "JavaScript", 68, 0, 0, 0, 0, 0, 0, 0, 9, 13, 90
"c:\Users\Nihan P\Desktop\on process\skill-swap_final_reupload\backend\chatModel.js", "JavaScript", 29, 0, 0, 0, 0, 0, 0, 0, 1, 3, 33
"c:\Users\Nihan P\Desktop\on process\skill-swap_final_reupload\backend\db.json", "JSON", 0, 0, 0, 0, 87, 0, 0, 0, 0, 0, 87
"c:\Users\Nihan P\Desktop\on process\skill-swap_final_reupload\backend\middleware\auth.js", "JavaScript", 24, 0, 0, 0, 0, 0, 0, 0, 6, 8, 38
"c:\Users\Nihan P\Desktop\on process\skill-swap_final_reupload\backend\middleware\uploadAvatar.js", "JavaScript", 32, 0, 0, 0, 0, 0, 0, 0, 6, 9, 47
"c:\Users\Nihan P\Desktop\on process\skill-swap_final_reupload\backend\models\User.js", "JavaScript", 14, 0, 0, 0, 0, 0, 0, 0, 0, 3, 17
"c:\Users\Nihan P\Desktop\on process\skill-swap_final_reupload\backend\package-lock.json", "JSON", 0, 0, 0, 0, 2398, 0, 0, 0, 0, 1, 2399
"c:\Users\Nihan P\Desktop\on process\skill-swap_final_reupload\backend\package.json", "JSON", 0, 0, 0, 0, 29, 0, 0, 0, 0, 1, 30
"c:\Users\Nihan P\Desktop\on process\skill-swap_final_reupload\backend\public\app.js", "JavaScript", 84, 0, 0, 0, 0, 0, 0, 0, 2, 8, 94
"c:\Users\Nihan P\Desktop\on process\skill-swap_final_reupload\backend\public\index.html", "HTML", 0, 0, 16, 0, 0, 0, 0, 0, 0, 1, 17
"c:\Users\Nihan P\Desktop\on process\skill-swap_final_reupload\backend\public\styles.css", "PostCSS", 0, 0, 0, 9, 0, 0, 0, 0, 0, 2, 11
"c:\Users\Nihan P\Desktop\on process\skill-swap_final_reupload\backend\routes\auth.js", "JavaScript", 98, 0, 0, 0, 0, 0, 0, 0, 9, 23, 130
"c:\Users\Nihan P\Desktop\on process\skill-swap_final_reupload\backend\routes\messages.js", "JavaScript", 172, 0, 0, 0, 0, 0, 0, 0, 9, 28, 209
"c:\Users\Nihan P\Desktop\on process\skill-swap_final_reupload\backend\routes\users.js", "JavaScript", 77, 0, 0, 0, 0, 0, 0, 0, 9, 18, 104
"c:\Users\Nihan P\Desktop\on process\skill-swap_final_reupload\backend\scripts\seedUsers.js", "JavaScript", 45, 0, 0, 0, 0, 0, 0, 0, 1, 10, 56
"c:\Users\Nihan P\Desktop\on process\skill-swap_final_reupload\backend\server.js", "JavaScript", 88, 0, 0, 0, 0, 0, 0, 0, 17, 23, 128
"c:\Users\Nihan P\Desktop\on process\skill-swap_final_reupload\frontend\.env", "Dotenv", 0, 0, 0, 0, 0, 0, 2, 0, 0, 0, 2
"c:\Users\Nihan P\Desktop\on process\skill-swap_final_reupload\frontend\.env.example", "Dotenv", 0, 0, 0, 0, 0, 0, 1, 0, 0, 1, 2
"c:\Users\Nihan P\Desktop\on process\skill-swap_final_reupload\frontend\index.html", "HTML", 0, 0, 12, 0, 0, 0, 0, 0, 0, 1, 13
"c:\Users\Nihan P\Desktop\on process\skill-swap_final_reupload\frontend\package-lock.json", "JSON", 0, 0, 0, 0, 3548, 0, 0, 0, 0, 1, 3549
"c:\Users\Nihan P\Desktop\on process\skill-swap_final_reupload\frontend\package.json", "JSON", 0, 0, 0, 0, 26, 0, 0, 0, 0, 1, 27
"c:\Users\Nihan P\Desktop\on process\skill-swap_final_reupload\frontend\postcss.config.cjs", "JavaScript", 6, 0, 0, 0, 0, 0, 0, 0, 0, 1, 7
"c:\Users\Nihan P\Desktop\on process\skill-swap_final_reupload\frontend\src\App.jsx", "JavaScript JSX", 0, 60, 0, 0, 0, 0, 0, 0, 7, 8, 75
"c:\Users\Nihan P\Desktop\on process\skill-swap_final_reupload\frontend\src\api.js", "JavaScript", 39, 0, 0, 0, 0, 0, 0, 0, 6, 9, 54
"c:\Users\Nihan P\Desktop\on process\skill-swap_final_reupload\frontend\src\components\ChatSidebar.jsx", "JavaScript JSX", 0, 149, 0, 0, 0, 0, 0, 0, 8, 18, 175
"c:\Users\Nihan P\Desktop\on process\skill-swap_final_reupload\frontend\src\components\Navbar.jsx", "JavaScript JSX", 0, 89, 0, 0, 0, 0, 0, 0, 11, 15, 115
"c:\Users\Nihan P\Desktop\on process\skill-swap_final_reupload\frontend\src\components\PageWrapper.jsx", "JavaScript JSX", 0, 17, 0, 0, 0, 0, 0, 0, 1, 4, 22
"c:\Users\Nihan P\Desktop\on process\skill-swap_final_reupload\frontend\src\components\ProtectedRoute.jsx", "JavaScript JSX", 0, 9, 0, 0, 0, 0, 0, 0, 0, 4, 13
"c:\Users\Nihan P\Desktop\on process\skill-swap_final_reupload\frontend\src\components\UsersList.jsx", "JavaScript JSX", 0, 33, 0, 0, 0, 0, 0, 0, 1, 3, 37
"c:\Users\Nihan P\Desktop\on process\skill-swap_final_reupload\frontend\src\context\SocketContext.jsx", "JavaScript JSX", 0, 38, 0, 0, 0, 0, 0, 0, 0, 12, 50
"c:\Users\Nihan P\Desktop\on process\skill-swap_final_reupload\frontend\src\context\UserContext.jsx", "JavaScript JSX", 0, 24, 0, 0, 0, 0, 0, 0, 2, 8, 34
"c:\Users\Nihan P\Desktop\on process\skill-swap_final_reupload\frontend\src\index.css", "PostCSS", 0, 0, 0, 4, 0, 0, 0, 0, 1, 1, 6
"c:\Users\Nihan P\Desktop\on process\skill-swap_final_reupload\frontend\src\main.jsx", "JavaScript JSX", 0, 18, 0, 0, 0, 0, 0, 0, 0, 2, 20
"c:\Users\Nihan P\Desktop\on process\skill-swap_final_reupload\frontend\src\pages\Chat.jsx", "JavaScript JSX", 0, 196, 0, 0, 0, 0, 0, 0, 12, 17, 225
"c:\Users\Nihan P\Desktop\on process\skill-swap_final_reupload\frontend\src\pages\Dashboard.jsx", "JavaScript JSX", 0, 127, 0, 0, 0, 0, 0, 0, 4, 9, 140
"c:\Users\Nihan P\Desktop\on process\skill-swap_final_reupload\frontend\src\pages\Landing.jsx", "JavaScript JSX", 0, 66, 0, 0, 0, 0, 0, 0, 7, 9, 82
"c:\Users\Nihan P\Desktop\on process\skill-swap_final_reupload\frontend\src\pages\Login.jsx", "JavaScript JSX", 0, 107, 0, 0, 0, 0, 0, 0, 1, 11, 119
"c:\Users\Nihan P\Desktop\on process\skill-swap_final_reupload\frontend\src\pages\Profile.jsx", "JavaScript JSX", 0, 253, 0, 0, 0, 0, 0, 0, 11, 25, 289
"c:\Users\Nihan P\Desktop\on process\skill-swap_final_reupload\frontend\src\pages\ProfilePublic.jsx", "JavaScript JSX", 0, 86, 0, 0, 0, 0, 0, 0, 6, 10, 102
"c:\Users\Nihan P\Desktop\on process\skill-swap_final_reupload\frontend\src\pages\Register.jsx", "JavaScript JSX", 0, 136, 0, 0, 0, 0, 0, 0, 0, 12, 148
"c:\Users\Nihan P\Desktop\on process\skill-swap_final_reupload\frontend\src\utils\getAvatarUrl.js", "JavaScript", 8, 0, 0, 0, 0, 0, 0, 0, 10, 5, 23
"c:\Users\Nihan P\Desktop\on process\skill-swap_final_reupload\frontend\tailwind.config.cjs", "JavaScript", 5, 0, 0, 0, 0, 0, 0, 0, 0, 1, 6
"c:\Users\Nihan P\Desktop\on process\skill-swap_final_reupload\frontend\vite.config.js", "JavaScript", 12, 0, 0, 0, 0, 0, 0, 0, 0, 2, 14
"c:\Users\Nihan P\Desktop\on process\skill-swap_final_reupload\frontend_old\README.md", "Markdown", 0, 0, 0, 0, 0, 38, 0, 0, 0, 33, 71
"c:\Users\Nihan P\Desktop\on process\skill-swap_final_reupload\frontend_old\index.html", "HTML", 0, 0, 13, 0, 0, 0, 0, 0, 1, 1, 15
"c:\Users\Nihan P\Desktop\on process\skill-swap_final_reupload\frontend_old\package-lock.json", "JSON", 0, 0, 0, 0, 17559, 0, 0, 0, 0, 1, 17560
"c:\Users\Nihan P\Desktop\on process\skill-swap_final_reupload\frontend_old\package.json", "JSON", 0, 0, 0, 0, 39, 0, 0, 0, 0, 1, 40
"c:\Users\Nihan P\Desktop\on process\skill-swap_final_reupload\frontend_old\public\index.html", "HTML", 0, 0, 20, 0, 0, 0, 0, 0, 23, 1, 44
"c:\Users\Nihan P\Desktop\on process\skill-swap_final_reupload\frontend_old\public\manifest.json", "JSON", 0, 0, 0, 0, 25, 0, 0, 0, 0, 1, 26
"c:\Users\Nihan P\Desktop\on process\skill-swap_final_reupload\frontend_old\src\App.css", "PostCSS", 0, 0, 0, 33, 0, 0, 0, 0, 0, 6, 39
"c:\Users\Nihan P\Desktop\on process\skill-swap_final_reupload\frontend_old\src\App.js", "JavaScript", 10, 0, 0, 0, 0, 0, 0, 0, 0, 3, 13
"c:\Users\Nihan P\Desktop\on process\skill-swap_final_reupload\frontend_old\src\App.jsx", "JavaScript JSX", 0, 5, 0, 0, 0, 0, 0, 0, 0, 2, 7
"c:\Users\Nihan P\Desktop\on process\skill-swap_final_reupload\frontend_old\src\App.test.js", "JavaScript", 7, 0, 0, 0, 0, 0, 0, 0, 0, 2, 9
"c:\Users\Nihan P\Desktop\on process\skill-swap_final_reupload\frontend_old\src\AuthApp.jsx", "JavaScript JSX", 0, 115, 0, 0, 0, 0, 0, 0, 0, 19, 134
"c:\Users\Nihan P\Desktop\on process\skill-swap_final_reupload\frontend_old\src\ChatPage.jsx", "JavaScript JSX", 0, 145, 0, 0, 0, 0, 0, 0, 3, 11, 159
"c:\Users\Nihan P\Desktop\on process\skill-swap_final_reupload\frontend_old\src\index.css", "PostCSS", 0, 0, 0, 12, 0, 0, 0, 0, 0, 2, 14
"c:\Users\Nihan P\Desktop\on process\skill-swap_final_reupload\frontend_old\src\index.js", "JavaScript", 6, 0, 0, 0, 0, 0, 0, 0, 0, 2, 8
"c:\Users\Nihan P\Desktop\on process\skill-swap_final_reupload\frontend_old\src\logo.svg", "XML", 0, 0, 0, 0, 0, 0, 0, 1, 0, 0, 1
"c:\Users\Nihan P\Desktop\on process\skill-swap_final_reupload\frontend_old\src\pages\Dashboard.jsx", "JavaScript JSX", 0, 60, 0, 0, 0, 0, 0, 0, 0, 10, 70
"c:\Users\Nihan P\Desktop\on process\skill-swap_final_reupload\frontend_old\src\pages\Home.jsx", "JavaScript JSX", 0, 12, 0, 0, 0, 0, 0, 0, 0, 1, 13
"c:\Users\Nihan P\Desktop\on process\skill-swap_final_reupload\frontend_old\src\pages\Login.jsx", "JavaScript JSX", 0, 28, 0, 0, 0, 0, 0, 0, 0, 4, 32
"c:\Users\Nihan P\Desktop\on process\skill-swap_final_reupload\frontend_old\src\pages\Register.jsx", "JavaScript JSX", 0, 31, 0, 0, 0, 0, 0, 0, 0, 4, 35
"c:\Users\Nihan P\Desktop\on process\skill-swap_final_reupload\frontend_old\src\reportWebVitals.js", "JavaScript", 12, 0, 0, 0, 0, 0, 0, 0, 0, 2, 14
"c:\Users\Nihan P\Desktop\on process\skill-swap_final_reupload\frontend_old\src\setupTests.js", "JavaScript", 1, 0, 0, 0, 0, 0, 0, 0, 4, 1, 6
"c:\Users\Nihan P\Desktop\on process\skill-swap_final_reupload\frontend_old\src\styles.css", "PostCSS", 0, 0, 0, 4, 0, 0, 0, 0, 1, 1, 6
"Total", "-", 837, 1804, 61, 62, 23711, 38, 9, 1, 189, 449, 27161